<DataBase>
  <Device>
    <ChipInfo Vendor="NXP" Name="NXP_RT1176_cm7" WorkRAMAddr="0x20000000" WorkRAMSize="0x00020000" Core="JLINK_CORE_CORTEX_M7" Aliases="MIMXRT1176AVM8A_cm7; MIMXRT1176CVM8A_cm7; MIMXRT1176DVMAA_cm7"/>
    <FlashBankInfo Name="QSPI Flash" BaseAddr="0x30000000" MaxSize="0x1000000" Loader="Devices/NXP/iMXRT117x/MIMXRT117x_QuadSPI_4KB_SEC.FLM" LoaderType="FLASH_ALGO_TYPE_OPEN" />
  </Device> 
  <Device>
    <ChipInfo Vendor="NXP" Name="NXP_RT1176_cm4" WorkRAMAddr="0x1FFE0000" WorkRAMSize="0x00020000" Core="JLINK_CORE_CORTEX_M4" Aliases="MIMXRT1176AVM8A_cm4; MIMXRT1176CVM8A_cm4; MIMXRT1176DVMAA_cm4"/>
    <FlashBankInfo Name="QSPI Flash" BaseAddr="0x08000000" MaxSize="0x1000000" Loader="Devices/NXP/iMXRT117x/MIMXRT117x_QuadSPI_4KB_SEC_Alias.FLM" LoaderType="FLASH_ALGO_TYPE_OPEN" />
  </Device> 
</DataBase>
